play_id,title,group_id,page_count,scene_count,speech_count,character_rows,role_coverage,hangdang_coverage,edge_count,density,max_edge_weight,top_character,suspicious_name_count,suspicious_name_examples,flags
02010002,夺锦标,02000000,23,1,3,6,0.833333,0.666667,1,0.066667,5,宋江,0,,single_scene;low_speech_count;possible_parse_issue
01024005,思凡,01000000,2,1,1,1,1.0,1.0,0,0.0,0,色空,0,,single_scene;low_speech_count
04011003,思凡,04000000,2,1,1,1,1.0,1.0,0,0.0,0,色空,0,,single_scene;low_speech_count
13004002,洛阳桥·下海,13000000,1,1,1,1,1.0,0.0,0,0.0,0,夏得海,0,,single_scene;low_speech_count
70902113,牡丹亭·叫画,70902000,2,1,1,1,1.0,0.0,0,0.0,0,柳梦梅,0,,single_scene;low_speech_count
70902134,孽海记·思凡,70902000,3,1,1,1,1.0,1.0,0,0.0,0,色空,0,,single_scene;low_speech_count
70902112,牡丹亭·拾画,70902000,2,1,2,1,1.0,0.0,0,0.0,0,柳梦梅,0,,single_scene;low_speech_count
01003005,拾黄金,01000000,3,1,3,1,1.0,1.0,0,0.0,0,范陶,0,,single_scene;low_speech_count
70901115,宝剑记·夜奔,70901000,3,1,3,1,1.0,1.0,0,0.0,0,林冲,0,,single_scene;low_speech_count
02008018,鹞子观星,02000000,2,1,5,2,0.5,0.5,1,1.0,9,高行周,0,,single_scene;low_speech_count
03021008,鸿雁捎书,03000000,2,1,5,1,1.0,1.0,0,0.0,0,王宝钏,0,,single_scene;low_speech_count
70902162,疗妒羹·题曲,70902000,2,1,5,1,1.0,1.0,0,0.0,0,乔小青,0,,single_scene;low_speech_count
02009026,林冲夜奔,02000000,2,1,6,2,0.5,0.5,1,1.0,5,林冲,0,,single_scene;low_speech_count
01018004,望儿楼,01000000,3,1,11,2,1.0,1.0,1,1.0,9,窦太真,0,,single_scene;low_speech_count
70902111,牡丹亭·寻梦,70902000,3,1,13,2,1.0,1.0,1,1.0,21,杜丽娘,0,,single_scene;low_speech_count
70902157,焚香记·阳告,70902000,3,1,13,5,0.8,0.6,10,1.0,9,海神,0,,single_scene;low_speech_count
01012016,双观星,01000000,2,1,14,3,0.666667,0.0,3,1.0,17,高行周,0,,single_scene;low_speech_count
02001013,文王卜卦,02000000,2,1,14,5,0.4,0.4,10,1.0,17,姬昌,0,,single_scene;low_speech_count
01017012,连环计,01000000,3,1,16,2,1.0,1.0,1,1.0,31,王允,0,,single_scene;low_speech_count
02004053,探营,02000000,3,1,16,2,1.0,0.5,1,1.0,29,姜维,0,,single_scene;low_speech_count
01014015,挡亮,01000000,3,1,17,4,0.75,0.75,6,1.0,13,陈友谅,0,,single_scene;low_speech_count
80000008,哭灵牌,80000000,2,1,18,3,0.333333,0.333333,3,1.0,13,刘备,0,,single_scene;low_speech_count
02001002,三多九如,02000000,2,1,19,5,0.6,0.6,10,1.0,17,多寿星君,0,,single_scene;low_speech_count
02010037,鬼辩,02000000,3,1,22,4,0.5,0.5,6,1.0,19,贾似道,1,众人:generic_speaker,single_scene;suspicious_character_names
70902131,长生殿·闻铃,70902000,2,1,23,4,0.75,0.25,6,1.0,27,唐明皇,1,众人:generic_speaker,single_scene;suspicious_character_names
70902114,紫钗记·折柳,70902000,3,1,36,6,0.5,0.333333,15,1.0,33,霍小玉,1,众人:generic_speaker,single_scene;suspicious_character_names
02002005,大十面,02000000,3,1,42,6,0.5,0.5,15,1.0,17,韩信,1,众人:generic_speaker,single_scene;suspicious_character_names
70902132,长生殿·哭像,70902000,4,1,45,5,0.4,0.2,10,1.0,61,高力士,1,众人:generic_speaker,single_scene;suspicious_character_names
01017008,斩貂蝉,01000000,3,1,65,4,0.5,0.5,6,1.0,115,关羽,1,众人:generic_speaker,single_scene;suspicious_character_names
70902177,铁冠图·分宫,70902000,4,1,66,7,0.857143,0.571429,21,1.0,29,崇祯帝,1,众人:generic_speaker,single_scene;suspicious_character_names
02002017,昭君出塞,02000000,5,1,87,7,0.428571,0.428571,21,1.0,61,王龙,1,众人:generic_speaker,single_scene;suspicious_character_names
01005015,审李七,01000000,4,1,90,7,0.571429,0.571429,21,1.0,87,李永成,1,众人:generic_speaker,single_scene;suspicious_character_names
70902176,铁冠图·撞钟,70902000,4,1,91,8,0.75,0.5,28,1.0,93,王承恩,1,众人:generic_speaker,single_scene;suspicious_character_names
70902108,牧羊记·望乡,70902000,5,1,93,5,0.4,0.2,10,1.0,153,李陵,1,众人:generic_speaker,single_scene;suspicious_character_names
70902130,长生殿·埋玉,70902000,5,1,99,6,0.666667,0.333333,15,1.0,37,唐明皇,1,众人:generic_speaker,single_scene;suspicious_character_names
70902158,牡丹亭·硬拷,70902000,5,1,107,6,0.666667,0.166667,15,1.0,73,柳梦梅,1,众人:generic_speaker,single_scene;suspicious_character_names
02003022,打吉平,02000000,5,1,128,9,0.222222,0.222222,36,1.0,47,曹操,1,众人:generic_speaker,single_scene;suspicious_character_names
01004008,大保国,01000000,7,1,187,6,0.666667,0.666667,15,1.0,95,徐延昭,1,众人:generic_speaker,single_scene;suspicious_character_names
70004102,好鹤失政,70004000,10,1,188,15,0.066667,0.066667,105,1.0,51,弘演,1,众人:generic_speaker,single_scene;suspicious_character_names
01003006,辕门斩子,01000000,9,1,193,9,0.888889,0.888889,36,1.0,87,杨延昭,1,众人:generic_speaker,single_scene;suspicious_character_names
70201202,三堂会审,70201000,10,1,300,9,0.555556,0.555556,36,1.0,131,刘秉义,1,众人:generic_speaker,single_scene;suspicious_character_names
94000005,诗文会,94000000,16,1,395,12,0.583333,0.583333,66,1.0,121,车步青,1,众人:generic_speaker,single_scene;suspicious_character_names
70203112,卓文君,70203000,25,1,716,20,0.4,0.4,190,1.0,181,竹影,1,众人:generic_speaker,single_scene;suspicious_character_names
70203101,花田错,70203000,29,1,950,15,0.8,0.8,105,1.0,403,春兰,1,众人:generic_speaker,single_scene;suspicious_character_names
94000002,海瑞上疏,94000000,38,1,965,44,0.636364,0.431818,780,0.824524,261,海瑞,1,众人:generic_speaker,single_scene;suspicious_character_names
70805106,西门豹,70805000,36,1,996,32,0.25,0.21875,496,1.0,199,西门豹,1,众人:generic_speaker,single_scene;suspicious_character_names
01002003,祭长江,01000000,2,2,10,2,0.5,0.5,1,1.0,7,孙尚香,0,,low_speech_count
01010017,烟鬼叹,01000000,4,2,14,3,1.0,1.0,1,0.333333,9,胡松亭,0,,low_speech_count
01006015,罗成托梦,01000000,2,2,15,5,0.6,0.6,10,1.0,7,罗妻,0,,low_speech_count
01009013,长亭会,01000000,2,2,15,4,0.5,0.5,4,0.666667,15,申包胥,0,,low_speech_count
02008026,洒金桥,02000000,3,2,16,2,1.0,1.0,1,1.0,29,苗训,0,,low_speech_count
03060002,洒金桥,03000000,3,2,18,2,1.0,1.0,1,1.0,29,赵匡胤,0,,low_speech_count
02001048,五雷阵,02000000,2,4,19,4,0.75,0.75,4,0.666667,14,毛蕡,0,,low_speech_count
01007006,罗成叫关,01000000,3,1,20,2,1.0,1.0,1,1.0,31,罗春,0,,single_scene
01017010,张良辞朝,01000000,2,1,21,2,1.0,0.5,1,1.0,41,刘邦,0,,single_scene
03092004,秦罗敷,03000000,4,1,21,1,1.0,1.0,0,0.0,0,秦罗敷,0,,single_scene
01014011,锁五龙,01000000,3,1,22,6,0.833333,0.833333,15,1.0,17,单雄信,0,,single_scene
70904214,九莲灯·焚宫烧狱,70904000,2,1,22,5,0.2,0.2,10,1.0,19,火灵圣母,0,,single_scene
80000030,长亭会,80000000,2,2,22,5,0.4,0.4,6,0.6,15,申包胥,1,众人:generic_speaker,suspicious_character_names
70902145,琵琶记·卖发,70902000,2,1,23,2,1.0,0.5,1,1.0,43,赵五娘,0,,single_scene
01006006,叹皇陵,01000000,2,1,24,4,0.75,0.75,6,1.0,35,徐延昭,0,,single_scene
01018006,煤山恨,01000000,4,1,24,7,0.428571,0.285714,21,1.0,17,崇祯,0,,single_scene
70005116,煤山恨,70005000,4,1,25,7,0.428571,0.285714,21,1.0,17,崇祯,0,,single_scene
02001005,风调雨顺,02000000,3,1,26,9,0.555556,0.333333,28,0.777778,11,释迦牟尼,0,,single_scene
70902144,荆钗记·上路,70902000,2,1,26,4,0.75,0.0,6,1.0,15,姚氏,0,,single_scene
80000024,贺后骂殿,80000000,3,1,26,6,0.666667,0.666667,10,0.666667,15,赵光义,0,,single_scene
02006049,五凤楼,02000000,2,1,27,7,0.428571,0.428571,21,1.0,17,武三思,0,,single_scene
01003013,滑油山,01000000,2,1,28,4,0.25,0.25,6,1.0,31,刘青提,0,,single_scene
05004008,月下赞貂婵,05000000,3,1,29,3,0.666667,0.666667,3,1.0,39,关羽,0,,single_scene
02001008,财源辐辏,02000000,3,1,30,10,0.1,0.1,45,1.0,9,五路天官,0,,single_scene
03034001,孟母断机,03000000,2,1,30,2,0.5,0.5,1,1.0,57,孟母,0,,single_scene
70901133,桃花扇·和战,70901000,2,1,31,5,1.0,0.8,10,1.0,15,刘泽清,0,,single_scene
01016001,骂杨广,01000000,3,1,32,8,0.75,0.5,21,0.75,21,宇文化及,0,,single_scene
01005017,柳林池,01000000,4,1,34,2,1.0,1.0,1,1.0,61,秦香莲,0,,single_scene
02001056,幻化,02000000,3,1,34,2,1.0,0.5,1,1.0,65,庄周,0,,single_scene
90000002,麻姑拜寿,90000000,4,1,34,6,0.666667,0.666667,15,1.0,23,圣母,0,,single_scene
01024007,挡幽王,01000000,5,3,35,6,0.5,0.5,11,0.733333,37,申伯侯,1,众人:generic_speaker,suspicious_character_names
02005002,观容,02000000,3,1,35,3,1.0,0.666667,3,1.0,27,金氏,0,,single_scene
03039004,傅氏发配,03000000,2,1,35,4,0.25,0.25,6,1.0,43,傅氏,0,,single_scene
70902110,牡丹亭·惊梦,70902000,4,1,35,5,0.8,0.6,10,1.0,31,杜丽娘,0,,single_scene
70902156,南西厢记·佳期,70902000,3,1,36,4,0.75,0.5,3,0.5,59,红娘,0,,single_scene
01010013,双断桥,01000000,4,1,37,3,1.0,1.0,3,1.0,49,白素贞,0,,single_scene
02007032,目莲记,02000000,3,1,37,5,0.6,0.4,10,1.0,25,平等王,0,,single_scene
01021008,双合印,01000000,3,1,38,3,1.0,1.0,1,0.333333,67,王月梅,0,,single_scene
02006025,安天会,02000000,3,1,38,5,0.8,0.8,10,1.0,9,李靖,0,,single_scene
03057006,潇湘探病,03000000,3,1,39,3,1.0,1.0,3,1.0,37,林黛玉,0,,single_scene
01002013,华容道,01000000,3,1,40,4,0.5,0.5,6,1.0,29,曹操,0,,single_scene
01009002,斩马谡,01000000,3,1,40,7,0.428571,0.428571,21,1.0,41,诸葛亮,0,,single_scene
70902105,荆钗记·男祭,70902000,3,1,40,3,1.0,0.333333,3,1.0,53,王十朋,0,,single_scene
80000011,白帝城,80000000,2,1,40,7,1.0,1.0,15,0.714286,29,刘备,0,,single_scene
70902109,牡丹亭·游园,70902000,2,1,41,2,1.0,1.0,1,1.0,75,春香,0,,single_scene
02001003,福禄寿荣,02000000,3,1,42,13,0.230769,0.230769,78,1.0,27,众仙,0,,single_scene
02003021,骂曹饯行,02000000,4,2,42,8,0.5,0.375,20,0.714286,26,众人,1,众人:generic_speaker,suspicious_character_names
02001004,遐龄永祝,02000000,4,1,43,11,0.090909,0.090909,55,1.0,19,水官,0,,single_scene
70901107,千金记·别姬,70901000,3,1,43,4,1.0,1.0,6,1.0,49,项羽,0,,single_scene
01006017,双包案,01000000,3,4,45,7,0.571429,0.571429,16,0.761905,53,假包拯,1,众人:generic_speaker,suspicious_character_names
01014009,除三害,01000000,3,1,47,2,1.0,1.0,1,1.0,89,王晋,0,,single_scene
01028007,困曹府,01000000,4,1,47,5,0.8,0.6,10,1.0,41,赵匡胤,0,,single_scene
02001001,天官赐福,02000000,3,1,47,7,0.857143,0.857143,21,1.0,27,财神,0,,single_scene
05004001,专母训子,05000000,4,1,47,3,1.0,1.0,3,1.0,75,专诸,0,,single_scene
04022002,描容上路,04000000,4,1,48,2,1.0,1.0,1,1.0,79,赵五娘,0,,single_scene
70402103,锁五龙,70402000,4,1,49,7,0.714286,0.714286,21,1.0,49,单雄信,0,,single_scene
01014007,淮安府,01000000,4,7,50,7,0.571429,0.571429,12,0.571429,17,蔡天化,1,众人:generic_speaker,suspicious_character_names
70904208,西游记·胖姑学舌,70904000,3,1,50,3,0.333333,0.333333,3,1.0,59,王留,0,,single_scene
01006018,上天台,01000000,4,1,51,5,0.6,0.6,10,1.0,47,刘秀,0,,single_scene
13004004,安天会·大战,13000000,5,1,51,10,0.3,0.2,45,1.0,25,李天王,0,,single_scene
14001008,上天台,14000000,4,1,52,5,0.8,0.8,10,1.0,49,刘秀,0,,single_scene
90000001,红线盗盒,90000000,3,1,52,5,0.2,0.2,10,1.0,43,薛嵩,0,,single_scene
14002009,目莲救母,14000000,3,1,53,4,0.75,0.75,6,1.0,47,目莲,0,,single_scene
70904207,西游记·认子,70904000,4,1,53,2,1.0,1.0,1,1.0,101,玄奘,0,,single_scene
02005026,观阵,02000000,4,1,54,6,0.833333,0.333333,15,1.0,49,秦琼,0,,single_scene
02006047,五凤楼,02000000,3,1,54,7,0.285714,0.142857,21,1.0,29,武则天,0,,single_scene
03065001,绝粮返境,03000000,3,3,54,10,0.2,0.0,29,0.644444,30,马腾,1,众人:generic_speaker,suspicious_character_names
01002018,目莲救母,01000000,3,1,55,4,0.75,0.75,6,1.0,47,目莲,0,,single_scene
01031003,博浪锥,01000000,4,5,55,7,0.428571,0.428571,14,0.666667,35,苍海公,1,众人:generic_speaker,suspicious_character_names
03021001,花园赠金,03000000,3,1,55,3,0.666667,0.666667,3,1.0,39,王宝钏,0,,single_scene
70005104,博浪锥,70005000,4,5,55,7,0.428571,0.428571,14,0.666667,35,张良,1,众人:generic_speaker,suspicious_character_names
70902146,琵琶记·赏荷,70902000,4,1,55,5,0.4,0.2,10,1.0,45,蔡邕,0,,single_scene
80000025,春闺梦,80000000,3,1,55,3,1.0,1.0,3,1.0,53,张氏,0,,single_scene
03096003,华容道,03000000,4,1,56,4,0.5,0.5,6,1.0,33,曹操,0,,single_scene
13001007,敲骨求金,13000000,4,1,56,8,0.5,0.375,28,1.0,27,老路人,0,,single_scene
70902115,紫钗记·阳关,70902000,3,1,56,7,0.428571,0.285714,21,1.0,39,李益,0,,single_scene
03003002,李广催贡,03000000,5,4,57,9,0.111111,0.111111,24,0.666667,45,辽太,1,众人:generic_speaker,suspicious_character_names
70901132,桃花扇·争座,70901000,4,1,57,8,0.75,0.5,28,1.0,21,史可法,0,,single_scene
70902127,长生殿·酒楼,70902000,4,1,57,4,0.75,0.75,3,0.5,97,郭子仪,0,,single_scene
70904115,西游记·胖姑学舌,70904000,3,1,58,3,1.0,0.666667,3,1.0,75,王留,0,,single_scene
01002005,落花园,01000000,3,1,59,4,0.75,0.75,6,1.0,47,陈杏元,0,,single_scene
02008040,五台山,02000000,4,1,59,7,0.571429,0.285714,21,1.0,53,杨继业,0,,single_scene
03060005,困曹府,03000000,4,1,59,6,0.666667,0.666667,15,1.0,51,赵匡胤,0,,single_scene
70902103,西游记·认子,70902000,4,1,59,2,1.0,1.0,1,1.0,113,玄奘,0,,single_scene
01013003,赠别挑袍,01000000,4,4,60,11,0.363636,0.363636,26,0.472727,17,关羽,1,众人:generic_speaker,suspicious_character_names
01015015,三气周瑜,01000000,4,5,61,13,0.230769,0.076923,25,0.320513,31,周瑜,1,众人:generic_speaker,suspicious_character_names
01023004,三击掌,01000000,3,1,61,4,0.5,0.25,6,1.0,93,王宝钏,0,,single_scene
01032012,浣纱溪,01000000,5,4,61,4,0.75,0.75,4,0.666667,61,范蠡,1,众人:generic_speaker,suspicious_character_names
70902119,玉簪记·琴挑,70902000,4,1,61,2,1.0,0.5,1,1.0,117,潘必正,0,,single_scene
05011001,游武庙,05000000,5,2,62,5,0.4,0.4,8,0.8,108,洪武帝,1,众人:generic_speaker,suspicious_character_names
70901134,升平宝筏·擒猴,70901000,4,1,62,11,0.181818,0.181818,55,1.0,33,李靖,0,,single_scene
70902172,艳云亭·痴诉,70902000,3,1,62,5,0.8,0.8,3,0.3,107,诸葛暗,0,,single_scene
70901101,单刀会·训子,70901000,4,1,63,5,0.8,0.8,10,1.0,45,关羽,0,,single_scene
90000006,花园赠金,90000000,3,1,64,3,0.666667,0.666667,3,1.0,61,王宝钏,0,,single_scene
90000021,困曹府,90000000,4,1,64,5,0.8,0.6,10,1.0,61,赵匡胤,0,,single_scene
14001007,三击掌,14000000,4,1,65,4,0.5,0.5,6,1.0,101,王宝钏,0,,single_scene
01002006,探阴山,01000000,3,1,66,5,0.6,0.6,10,1.0,91,包拯,0,,single_scene
01002007,打金枝,01000000,5,1,66,6,0.833333,0.666667,15,1.0,25,唐王,0,,single_scene
01022008,喂药,01000000,4,1,66,3,1.0,1.0,3,1.0,49,刘金定,0,,single_scene
03055004,告御状,03000000,4,1,66,5,0.8,0.8,10,1.0,43,宋太宗,0,,single_scene
01019009,曾头市,01000000,4,5,67,13,0.538462,0.461538,26,0.333333,45,史文恭,1,众人:generic_speaker,suspicious_character_names
02001009,八仙庆寿,02000000,6,1,67,11,0.181818,0.090909,55,1.0,33,何仙姑,0,,single_scene
02007030,目莲记,02000000,3,1,67,6,0.166667,0.166667,15,1.0,87,大瘟神,0,,single_scene
90000004,红娘,90000000,3,1,67,4,0.75,0.75,6,1.0,71,红娘,0,,single_scene
01015007,南屏山,01000000,5,7,68,7,0.428571,0.285714,13,0.619048,47,鲁肃,1,众人:generic_speaker,suspicious_character_names
02008019,挂印,02000000,4,1,68,8,0.875,0.5,28,1.0,49,高行周,0,,single_scene
01003014,富春楼,01000000,3,1,69,2,1.0,1.0,1,1.0,125,周翠屏,0,,single_scene
01017007,别妻,01000000,4,1,69,3,1.0,0.666667,3,1.0,67,花大汉,0,,single_scene
01040004,倒厅门,01000000,5,1,69,2,1.0,1.0,1,1.0,137,满堂娇,0,,single_scene
70904110,棋盘会·点将,70904000,4,1,69,9,0.888889,0.444444,36,1.0,41,钟无盐,0,,single_scene
01016005,未央宫,01000000,5,1,70,6,0.666667,0.5,15,1.0,47,韩信,0,,single_scene
03040003,刘瑾逛花园,03000000,3,1,70,3,0.666667,0.666667,3,1.0,135,贾桂,0,,single_scene
13003008,画兰,13000000,3,1,70,4,0.75,0.75,6,1.0,81,王伯谷,0,,single_scene
70001203,金殿求计,70001000,5,1,70,5,0.6,0.6,10,1.0,51,孙权,0,,single_scene
01012006,少华山,01000000,3,1,71,5,1.0,1.0,6,0.6,71,倪厚,0,,single_scene
01014012,摘缨会,01000000,5,7,71,9,0.555556,0.555556,22,0.611111,27,楚庄王,1,众:generic_speaker,suspicious_character_names
01025006,合凤裙,01000000,4,1,71,3,0.666667,0.666667,3,1.0,111,吴小姐,0,,single_scene
03080005,月下斩貂蝉,03000000,3,1,71,4,0.5,0.5,6,1.0,111,关羽,0,,single_scene
70901106,一种情·冥勘,70901000,3,1,71,4,1.0,0.75,6,1.0,87,炳灵公,0,,single_scene
02010016,娘子军,02000000,5,9,72,17,0.235294,0.235294,58,0.426471,19,韩世忠,1,众人:generic_speaker,suspicious_character_names
03028002,小商河,03000000,5,6,72,12,0.25,0.25,28,0.424242,26,岳飞,1,众人:generic_speaker,suspicious_character_names
70901118,麒麟阁·三挡,70901000,4,1,72,8,0.625,0.5,21,0.75,23,秦琼,0,,single_scene
70902126,千忠戮·惨睹,70902000,4,1,73,12,0.166667,0.083333,66,1.0,55,建文帝,0,,single_scene
01020008,燕青打擂,01000000,4,6,74,17,0.647059,0.470588,64,0.470588,13,吴用,1,众人:generic_speaker,suspicious_character_names
01021005,泗州城,01000000,5,6,75,14,0.642857,0.571429,17,0.186813,58,水母娘娘,1,众人:generic_speaker,suspicious_character_names
03075002,典韦耀武,03000000,4,1,76,11,0.181818,0.181818,55,1.0,17,曹操,0,,single_scene
04010004,母女会,04000000,5,1,79,4,0.5,0.5,6,1.0,97,陈氏,0,,single_scene
05014004,张松骂曹,05000000,5,2,79,13,0.230769,0.230769,68,0.871795,27,曹操,1,众人:generic_speaker,suspicious_character_names
03091008,马房释放,03000000,4,1,80,4,0.5,0.5,6,1.0,67,陈荣,0,,single_scene
01011016,送银灯,01000000,4,1,81,3,1.0,1.0,3,1.0,71,桂娟,0,,single_scene
01020012,拷红,01000000,3,1,82,4,1.0,1.0,6,1.0,131,红娘,0,,single_scene
01033004,贺后骂殿,01000000,7,1,82,8,0.75,0.75,28,1.0,45,赵光义,0,,single_scene
70901103,昊天塔·激良,70901000,4,1,82,4,0.75,0.75,6,1.0,61,孟良,0,,single_scene
70902178,铁冠图·刺虎,70902000,4,1,83,3,0.666667,0.333333,3,1.0,95,费贞娥,0,,single_scene
01002004,探寒窑,01000000,5,1,84,4,0.5,0.5,6,1.0,115,陈氏,0,,single_scene
01011013,赵颜借寿,01000000,3,1,84,3,1.0,1.0,3,1.0,131,南斗星君,0,,single_scene
01012007,贵妃醉酒,01000000,4,1,84,6,0.5,0.5,10,0.666667,95,杨玉环,0,,single_scene
03021011,算军粮,03000000,4,1,84,10,0.6,0.6,45,1.0,33,王允,0,,single_scene
01001015,战北原,01000000,5,1,85,7,0.285714,0.285714,21,1.0,81,诸葛亮,0,,single_scene
01014001,鲁肃求计,01000000,6,2,86,4,0.75,0.5,4,0.666667,135,鲁肃,1,众人:generic_speaker,suspicious_character_names
02002030,太行山,02000000,5,1,86,3,0.666667,0.666667,3,1.0,65,姚刚,0,,single_scene
03006005,叔宝表功,03000000,5,1,86,3,0.666667,0.0,3,1.0,163,李渊,0,,single_scene
70902136,凤凰山·百花赠剑,70902000,4,1,86,3,1.0,0.666667,3,1.0,75,百花公主,0,,single_scene
01011010,明月珠,01000000,3,1,87,3,1.0,1.0,3,1.0,73,丫鬟,0,,single_scene
01015014,赵家楼,01000000,5,15,87,12,0.833333,0.833333,18,0.272727,46,王通,1,众人:generic_speaker,suspicious_character_names
04026001,游园惊梦,04000000,5,1,87,6,0.833333,0.666667,15,1.0,97,杜丽娘,0,,single_scene
01003008,断太后,01000000,5,4,88,6,0.5,0.5,15,1.0,71,包拯,1,众人:generic_speaker,suspicious_character_names
01011003,回龙阁,01000000,6,1,88,8,1.0,1.0,21,0.75,39,王宝钏,0,,single_scene
01009003,凤仪亭,01000000,4,1,89,5,0.6,0.6,10,1.0,41,董卓,0,,single_scene
03060009,雪夜访普,03000000,5,1,90,9,0.111111,0.111111,36,1.0,61,赵匡胤,0,,single_scene
05024002,虎牢关,05000000,4,6,90,7,0.571429,0.571429,11,0.52381,73,关羽,1,众人:generic_speaker,suspicious_character_names
03021007,探寒窑,03000000,5,1,92,5,0.4,0.4,10,1.0,121,王夫人,0,,single_scene
04010001,彩楼配,04000000,5,3,92,10,0.2,0.2,38,0.844444,50,王宝钏,1,众人:generic_speaker,suspicious_character_names
05014005,左慈骂曹,05000000,5,1,92,4,0.75,0.75,6,1.0,109,曹操,0,,single_scene
70201104,黛玉葬花,70201000,6,6,92,6,0.333333,0.333333,11,0.733333,55,林黛玉,1,众人:generic_speaker,suspicious_character_names
03021003,三击掌,03000000,4,1,93,5,0.4,0.4,10,1.0,125,王允,0,,single_scene
01011007,芦花河,01000000,6,1,94,7,0.428571,0.428571,21,1.0,105,樊梨花,0,,single_scene
70902142,四声猿·骂曹,70902000,6,1,95,8,0.75,0.625,21,0.75,51,判官,0,,single_scene
02006032,五庄观,02000000,5,3,96,9,0.111111,0.111111,24,0.666667,58,镇元子,1,众人:generic_speaker,suspicious_character_names
80000016,贺后骂殿,80000000,5,1,96,11,0.545455,0.545455,55,1.0,35,赵光义,0,,single_scene
04010002,三击掌,04000000,4,1,97,6,0.333333,0.333333,15,1.0,155,王允,0,,single_scene
01016002,蒯彻装疯,01000000,5,3,98,10,0.8,0.6,33,0.733333,49,蒯彻,1,众人:generic_speaker,suspicious_character_names
70901147,奏朝草诏,70901000,5,1,98,9,0.555556,0.333333,28,0.777778,81,方孝孺,0,,single_scene
70902129,长生殿·惊变,70902000,5,1,98,6,0.666667,0.333333,15,1.0,65,唐明皇,0,,single_scene
01007016,纺棉花,01000000,4,1,100,2,1.0,1.0,1,1.0,195,王氏,0,,single_scene
70202102,三击掌,70202000,5,1,100,6,0.333333,0.333333,15,1.0,139,王宝钏,0,,single_scene
14001002,二进宫,14000000,5,1,101,6,0.5,0.5,15,1.0,119,徐延昭,0,,single_scene
13004003,安天会·偷桃,13000000,5,1,102,16,0.625,0.5,78,0.65,63,孙悟空,0,,single_scene
03021013,大登殿,03000000,6,1,103,9,1.0,1.0,28,0.777778,35,江海,0,,single_scene
04017003,二进宫,04000000,5,1,103,5,0.6,0.6,10,1.0,119,徐延昭,0,,single_scene
70006111,二进宫,70006000,5,1,103,6,0.833333,0.833333,15,1.0,115,杨波,0,,single_scene
01001001,空城计,01000000,5,6,104,12,0.583333,0.583333,46,0.69697,32,诸葛亮,1,众人:generic_speaker,suspicious_character_names
01001018,双狮图,01000000,5,1,105,4,0.75,0.75,6,1.0,111,徐策,0,,single_scene
01005007,二进宫,01000000,5,1,105,5,1.0,1.0,10,1.0,123,杨波,0,,single_scene
03029003,送灯,03000000,4,1,105,3,1.0,1.0,3,1.0,77,张继贤,0,,single_scene
03048001,打城隍,03000000,5,1,105,5,1.0,1.0,10,1.0,51,嘎七,0,,single_scene
70901104,昊天塔·会兄,70901000,4,1,105,4,1.0,0.75,6,1.0,139,杨延德,0,,single_scene
01007004,五台山,01000000,5,1,106,3,1.0,0.666667,3,1.0,139,杨延德,0,,single_scene
70902141,风云会·访普,70902000,5,1,106,8,0.875,0.5,15,0.535714,91,赵匡胤,0,,single_scene
01006014,金水桥,01000000,6,1,107,7,0.857143,0.714286,21,1.0,35,李世民,0,,single_scene
01014022,四杰村,01000000,5,11,107,16,0.375,0.375,42,0.35,34,鲍士安,1,众人:generic_speaker,suspicious_character_names
01017002,三上殿,01000000,6,3,107,11,0.636364,0.454545,55,1.0,96,孙安,1,众人:generic_speaker,suspicious_character_names
04034002,贺后骂殿,04000000,6,1,107,12,0.916667,0.5,55,0.833333,49,赵光义,0,,single_scene
01037004,葭萌关,01000000,5,8,108,10,0.2,0.2,21,0.466667,44,马超,1,众人:generic_speaker,suspicious_character_names
70902133,长生殿·弹词,70902000,6,1,108,6,1.0,0.333333,15,1.0,87,李龟年,0,,single_scene
01022009,打刀,01000000,4,1,110,3,1.0,1.0,3,1.0,115,吴衍能,0,,single_scene
02010003,扈家庄,02000000,9,12,111,18,0.222222,0.111111,77,0.503268,27,扈三娘,1,众人:generic_speaker,suspicious_character_names
03014001,芦花记,03000000,6,1,111,6,0.333333,0.333333,15,1.0,73,闵父,0,,single_scene
01033002,水漫金山寺,01000000,6,3,113,10,0.5,0.3,38,0.844444,51,法海,1,众人:generic_speaker,suspicious_character_names
01016016,三上轿,01000000,6,1,114,8,0.375,0.25,28,1.0,43,李配,0,,single_scene
04021003,小放牛,04000000,6,1,114,2,1.0,1.0,1,1.0,215,牧童,0,,single_scene
01035005,慈孝图,01000000,6,1,115,10,0.6,0.4,45,1.0,51,小姐,0,,single_scene
01012014,血手印,01000000,8,2,116,9,0.666667,0.444444,26,0.722222,66,林佑安,1,众人:generic_speaker,suspicious_character_names
70901105,义侠记·打虎,70901000,5,1,116,5,0.4,0.4,10,1.0,147,武松,0,,single_scene
70901135,升平宝筏·北饯,70901000,6,1,116,7,0.857143,0.857143,21,1.0,117,尉迟恭,0,,single_scene
01002010,钓金龟,01000000,4,1,118,3,0.666667,0.666667,3,1.0,223,张义,0,,single_scene
03041005,战山,03000000,6,4,118,4,0.5,0.5,3,0.5,214,罗成,1,众人:generic_speaker,suspicious_character_names
05014003,荆襄府,05000000,6,1,118,6,0.666667,0.666667,15,1.0,109,张飞,0,,single_scene
01010010,锁云囊,01000000,5,4,119,10,0.4,0.4,30,0.666667,88,梅花娘,1,众人:generic_speaker,suspicious_character_names
01022004,明末遗恨,01000000,6,3,119,13,0.538462,0.461538,56,0.717949,59,王承恩,1,众人:generic_speaker,suspicious_character_names
01001003,三娘教子,01000000,5,1,120,3,1.0,0.666667,3,1.0,85,王春娥,0,,single_scene
01003018,丑表功,01000000,4,1,120,3,1.0,1.0,3,1.0,131,保儿,0,,single_scene
02011012,采石矶,02000000,6,3,121,11,0.636364,0.454545,41,0.745455,24,众士卒,1,众人:generic_speaker,suspicious_character_names
70902120,玉簪记·问病,70902000,4,1,121,5,0.8,0.6,10,1.0,113,进安,0,,single_scene
01003009,打龙袍,01000000,6,6,122,12,0.5,0.5,38,0.575758,71,宋仁宗,1,众人:generic_speaker,suspicious_character_names
03060001,封丘大战,03000000,7,12,122,14,0.142857,0.142857,47,0.516484,24,史彦超,1,众人:generic_speaker,suspicious_character_names
01032005,新四十八扯,01000000,12,1,123,2,1.0,1.0,1,1.0,189,赵瑶颜,0,,single_scene
70901144,兴唐传·御果园,70901000,5,1,124,14,0.642857,0.5,91,1.0,37,徐绩,0,,single_scene
70902121,玉簪记·秋江,70902000,5,1,124,6,1.0,0.5,15,1.0,75,陈妙常,0,,single_scene
01001008,取成都,01000000,7,5,125,13,0.384615,0.384615,45,0.576923,50,刘璋,1,众人:generic_speaker,suspicious_character_names
01019006,讨荆州,01000000,7,6,127,17,0.352941,0.294118,70,0.514706,63,鲁肃,1,众人:generic_speaker,suspicious_character_names
03098004,采石矶,03000000,7,6,127,17,0.117647,0.117647,55,0.404412,34,常遇春,1,众人:generic_speaker,suspicious_character_names
70901145,列国传·棋盘会,70901000,8,1,128,17,0.647059,0.588235,120,0.882353,29,钟无盐,0,,single_scene
01027013,长生乐,01000000,5,4,129,20,0.8,0.6,80,0.421053,37,刘晨,1,众人:generic_speaker,suspicious_character_names
01037005,盘关,01000000,4,1,131,5,1.0,1.0,10,1.0,145,皂隶,0,,single_scene
01020006,穆柯寨,01000000,6,10,132,6,0.833333,0.833333,11,0.733333,158,焦赞,1,众人:generic_speaker,suspicious_character_names
02001046,装疯,02000000,6,1,133,6,0.5,0.5,15,1.0,125,孙膑,0,,single_scene
70003102,桃园结义,70003000,6,4,133,11,0.363636,0.272727,35,0.636364,52,张飞,1,众人:generic_speaker,suspicious_character_names
01018012,戏叔,01000000,5,1,134,3,1.0,1.0,3,1.0,171,潘金莲,0,,single_scene
70902128,长生殿·絮阁,70902000,6,1,135,7,0.571429,0.428571,21,1.0,91,杨贵妃,0,,single_scene
70902170,白罗衫·游园,70902000,5,1,135,7,0.571429,0.285714,21,1.0,79,王国辅,0,,single_scene
01013016,贾家楼,01000000,6,12,136,19,0.526316,0.526316,63,0.368421,48,程咬金,1,众人:generic_speaker,suspicious_character_names
01017013,下河东,01000000,6,13,136,12,0.5,0.5,26,0.393939,83,欧阳方,1,众人:generic_speaker,suspicious_character_names
01031010,选元戎,01000000,7,8,136,17,0.529412,0.411765,75,0.551471,60,程咬金,1,众人:generic_speaker,suspicious_character_names
70003125,水淹七军,70003000,6,8,137,11,0.363636,0.363636,28,0.509091,73,关羽,1,众人:generic_speaker,suspicious_character_names
70902171,白罗衫·看状,70902000,5,1,137,7,0.285714,0.0,21,1.0,187,徐继祖,0,,single_scene
01015004,扫松下书,01000000,5,1,138,3,0.666667,0.666667,3,1.0,267,李旺,0,,single_scene
01034006,镔铁剑,01000000,5,1,138,5,0.8,0.8,10,1.0,167,妹妹,0,,single_scene
70901109,南西厢记·惠明下书,70901000,6,1,140,9,0.666667,0.666667,36,1.0,79,长老,0,,single_scene
01023008,乔醋,01000000,5,1,141,4,1.0,1.0,6,1.0,211,潘安仁,0,,single_scene
01018007,龙凤呈祥,01000000,5,1,144,5,1.0,0.8,6,0.6,117,普胡子,0,,single_scene
03002005,一两漆,03000000,5,1,144,4,1.0,1.0,6,1.0,113,普胡子,0,,single_scene
03041001,飞将军,03000000,7,7,144,18,0.111111,0.111111,56,0.366013,34,李广,1,众人:generic_speaker,suspicious_character_names
05010001,焚烟墩,05000000,8,10,145,18,0.166667,0.166667,65,0.424837,50,周幽王,1,众人:generic_speaker,suspicious_character_names
05004009,富春江,05000000,7,2,146,12,0.083333,0.083333,38,0.575758,47,严子陵,1,众人:generic_speaker,suspicious_character_names
01015003,潞安州,01000000,7,10,148,18,0.444444,0.333333,51,0.333333,49,陆登,1,众人:generic_speaker,suspicious_character_names
01039005,戏姻缘,01000000,7,1,150,5,0.8,0.8,10,1.0,189,玉莲花,0,,single_scene
03093007,五截山,03000000,6,9,152,14,0.571429,0.571429,49,0.538462,63,王平,1,众人:generic_speaker,suspicious_character_names
01016015,背娃入府,01000000,5,1,153,5,0.8,0.6,10,1.0,129,李平儿,0,,single_scene
03044004,火烧百凉楼,03000000,9,17,153,19,0.263158,0.263158,63,0.368421,35,朱元龙,1,众人:generic_speaker,suspicious_character_names
80000003,打龙袍,80000000,7,4,153,10,0.6,0.6,38,0.844444,88,宋仁宗,1,众人:generic_speaker,suspicious_character_names
01006009,连环套,01000000,6,5,154,7,0.428571,0.428571,12,0.571429,237,窦尔敦,1,众人:generic_speaker,suspicious_character_names
02004018,战合肥,02000000,9,9,154,21,0.190476,0.190476,75,0.357143,23,曹操,1,众人:generic_speaker,suspicious_character_names
01014006,丁甲山,01000000,6,9,155,12,0.583333,0.5,24,0.363636,79,李逵,1,众人:generic_speaker,suspicious_character_names
01002012,白门楼,01000000,8,9,156,17,0.294118,0.294118,62,0.455882,39,曹操,1,众人:generic_speaker,suspicious_character_names
01018011,五人义,01000000,7,6,156,16,0.625,0.4375,63,0.525,53,周文元,1,众人:generic_speaker,suspicious_character_names
02001032,龙门山,02000000,9,16,157,17,0.235294,0.235294,57,0.419118,31,晋王,1,众人:generic_speaker,suspicious_character_names
02008027,输华山,02000000,5,1,157,3,0.666667,0.333333,3,1.0,293,陈抟,0,,single_scene
03059003,持轮战,03000000,10,18,158,33,0.060606,0.060606,126,0.238636,30,宋江,1,众人:generic_speaker,suspicious_character_names
04017004,五台山,04000000,6,1,158,3,0.666667,0.666667,3,1.0,203,杨延德,0,,single_scene
70903102,单刀会·刀会,70903000,6,1,159,7,0.428571,0.285714,21,1.0,207,关羽,0,,single_scene
03091004,窦老送子,03000000,6,1,163,5,0.2,0.2,10,1.0,217,刘高,0,,single_scene
70901102,单刀会·刀会,70901000,6,1,164,4,0.75,0.5,6,1.0,249,关羽,0,,single_scene
70901130,琼林宴·阳审,70901000,6,1,164,11,0.454545,0.454545,45,0.818182,63,包拯,0,,single_scene
02010010,擒方腊,02000000,9,14,165,22,0.136364,0.136364,77,0.333333,23,宋江,1,众人:generic_speaker,suspicious_character_names
01009014,濮阳城,01000000,9,9,171,17,0.294118,0.235294,61,0.448529,63,吕布,1,众人:generic_speaker,suspicious_character_names
01013010,八蜡庙,01000000,7,13,174,20,0.5,0.5,92,0.484211,28,黄天霸,1,众人:generic_speaker,suspicious_character_names
03080002,斩车胄,03000000,7,4,174,12,0.416667,0.25,40,0.606061,53,关羽,1,众人:generic_speaker,suspicious_character_names
70601101,赤壁鏖兵,70601000,8,3,175,19,0.315789,0.315789,66,0.385965,48,诸葛亮,1,众人:generic_speaker,suspicious_character_names
70902102,东窗事犯·扫秦,70902000,6,1,175,4,0.75,0.25,6,1.0,205,疯僧,0,,single_scene
02009041,百花庄,02000000,9,9,178,18,0.333333,0.333333,59,0.385621,55,院子,1,众人:generic_speaker,suspicious_character_names
03054001,投刘表,03000000,13,7,178,15,0.333333,0.333333,64,0.609524,69,刘备,1,众人:generic_speaker,suspicious_character_names
01027009,山海关,01000000,11,14,180,30,0.5,0.4,92,0.211494,41,袁崇焕,1,众人:generic_speaker,suspicious_character_names
01009004,十八扯,01000000,8,1,181,2,1.0,1.0,1,1.0,331,孔秀英,0,,single_scene
05004012,花子骂相,05000000,6,1,181,4,0.5,0.5,6,1.0,137,孙降,0,,single_scene
70006101,搜孤救孤,70006000,8,1,182,7,0.571429,0.571429,21,1.0,93,程婴,0,,single_scene
01016007,春香闹学,01000000,6,1,184,4,0.75,0.5,6,1.0,205,春香,0,,single_scene
01002019,红鸾禧,01000000,6,3,185,6,0.666667,0.666667,15,1.0,130,金松,1,众人:generic_speaker,suspicious_character_names
01015008,疯僧扫秦,01000000,6,1,185,4,0.75,0.5,6,1.0,221,疯僧,0,,single_scene
02001021,孝感天,02000000,9,6,185,19,0.210526,0.210526,96,0.561404,72,寤生,1,众人:generic_speaker,suspicious_character_names
03108007,疯僧扫秦,03000000,7,1,186,4,0.5,0.5,6,1.0,223,疯僧,0,,single_scene
14001009,大保国,14000000,7,1,187,7,0.571429,0.571429,21,1.0,95,徐延昭,0,,single_scene
70003119,汉津口,70003000,10,9,188,15,0.533333,0.533333,58,0.552381,71,刘备,1,众人:generic_speaker,suspicious_character_names
01025009,取洛阳,01000000,7,5,189,13,0.615385,0.538462,56,0.717949,82,马武,1,众人:generic_speaker,suspicious_character_names
04016002,拾玉镯,04000000,7,1,191,3,1.0,1.0,3,1.0,275,孙玉姣,0,,single_scene
01015016,八郎探母,01000000,10,7,192,19,0.526316,0.421053,91,0.532164,84,杨延顺,1,众人:generic_speaker,suspicious_character_names
03068005,白蟒台,03000000,11,12,192,15,0.533333,0.533333,53,0.504762,48,王莽,1,众人:generic_speaker,suspicious_character_names
01026004,黑驴告状,01000000,10,14,193,20,0.65,0.55,48,0.252632,86,李保,1,众人:generic_speaker,suspicious_character_names
70901117,清忠谱·五人义,70901000,9,1,193,21,0.666667,0.47619,153,0.728571,57,颜佩韦,0,,single_scene
70902122,狮吼记·梳妆,70902000,6,1,201,3,1.0,0.333333,3,1.0,283,陈季常,0,,single_scene
02010009,龙虎玉,02000000,9,9,202,38,0.052632,0.052632,329,0.467994,37,柴进,1,众人:generic_speaker,suspicious_character_names
01014014,罗锅子抢亲,01000000,7,4,204,10,0.7,0.7,18,0.4,108,胡伦,1,众人:generic_speaker,suspicious_character_names
70902159,金雀记·乔醋,70902000,6,1,207,5,0.8,0.4,10,1.0,323,潘岳,0,,single_scene
01008005,算粮登殿,01000000,9,1,209,10,0.8,0.8,45,1.0,53,王宝钏,0,,single_scene
04025002,借赵云,04000000,9,12,210,10,0.5,0.4,20,0.444444,270,刘备,1,众人:generic_speaker,suspicious_character_names
01013018,老黄请医,01000000,6,1,212,4,1.0,1.0,3,0.5,351,刘高手,0,,single_scene
01032002,连环套,01000000,10,16,212,29,0.413793,0.344828,79,0.194581,38,黄天霸,1,众人:generic_speaker,suspicious_character_names
03054005,取樊城,03000000,12,18,215,19,0.315789,0.315789,54,0.315789,111,刘备,1,众人:generic_speaker,suspicious_character_names
03054004,水镜庄,03000000,12,7,216,18,0.277778,0.277778,56,0.366013,116,刘备,1,众人:generic_speaker,suspicious_character_names
01010006,忠孝图,01000000,7,1,217,3,1.0,1.0,3,1.0,161,焦氏,0,,single_scene
70001205,义责王魁,70001000,10,1,217,7,0.428571,0.428571,21,1.0,175,王中,0,,single_scene
70902104,荆钗记·见娘,70902000,7,1,217,4,0.75,0.25,6,1.0,181,王十朋,0,,single_scene
01009011,雁门关,01000000,8,6,218,11,0.181818,0.181818,47,0.854545,132,潘洪,1,众人:generic_speaker,suspicious_character_names
70003124,取襄阳,70003000,8,12,218,33,0.30303,0.212121,150,0.284091,49,关羽,1,众人:generic_speaker,suspicious_character_names
01011002,请宋灵,01000000,11,20,223,20,0.4,0.4,63,0.331579,62,丞相,1,众人:generic_speaker,suspicious_character_names
03044003,火烧百凉楼,03000000,11,18,226,30,0.133333,0.133333,154,0.354023,32,朱元龙,1,众人:generic_speaker,suspicious_character_names
02007023,翠凤楼,02000000,9,13,227,19,0.210526,0.210526,94,0.549708,57,鲍自安,1,众人:generic_speaker,suspicious_character_names
03031008,十八扯,03000000,9,1,231,2,1.0,1.0,1,1.0,405,孔怀,0,,single_scene
03033007,打龙棚,03000000,9,1,234,7,0.571429,0.571429,21,1.0,201,郑子明,0,,single_scene
01006001,连营寨,01000000,11,18,238,28,0.178571,0.178571,98,0.259259,34,刘备,1,众人:generic_speaker,suspicious_character_names
02008021,打龙篷,02000000,9,1,238,6,0.666667,0.666667,15,1.0,201,郑恩,0,,single_scene
03031004,顶花砖,03000000,7,1,238,4,0.75,0.75,6,1.0,225,常天保,0,,single_scene
01006010,落马湖,01000000,10,9,239,18,0.277778,0.277778,53,0.346405,69,黄天霸,1,众人:generic_speaker,suspicious_character_names
03054009,三顾茅庐,03000000,13,5,239,13,0.384615,0.384615,42,0.538462,89,刘备,1,众人:generic_speaker,suspicious_character_names
01039002,玉门关,01000000,11,22,240,28,0.321429,0.321429,98,0.259259,49,班超,1,众人:generic_speaker,suspicious_character_names
01005008,玉堂春,01000000,9,1,243,9,0.555556,0.555556,36,1.0,155,臬台,0,,single_scene
04002003,辕门斩子,04000000,10,1,243,9,0.888889,0.888889,36,1.0,147,焦赞,0,,single_scene
70902138,奇双会·写状,70902000,7,1,243,4,0.5,0.25,6,1.0,425,赵宠,0,,single_scene
01001016,牧羊卷,01000000,8,1,245,11,0.727273,0.727273,55,1.0,97,朱春登,0,,single_scene
70006106,武家坡,70006000,9,1,246,3,0.666667,0.666667,3,1.0,443,薛平贵,0,,single_scene
03092002,湘江会,03000000,8,7,247,16,0.1875,0.1875,60,0.5,82,齐宣王,1,众人:generic_speaker,suspicious_character_names
80000020,长坂坡,80000000,12,17,247,24,0.458333,0.458333,94,0.34058,68,赵云,1,众人:generic_speaker,suspicious_character_names
70004109,走麦城,70004000,12,15,248,25,0.8,0.56,91,0.303333,49,关羽,1,众人:generic_speaker,suspicious_character_names
70902123,狮吼记·跪池,70902000,8,1,255,4,1.0,0.25,6,1.0,225,陈季常,0,,single_scene
70004105,闹朝击犬,70004000,11,1,256,17,0.117647,0.117647,136,1.0,99,赵盾,0,,single_scene
04012001,二堂舍子,04000000,9,1,257,4,0.5,0.5,6,1.0,343,刘彦昌,0,,single_scene
02008016,因果报,02000000,12,13,263,35,0.114286,0.114286,116,0.194958,50,梁武帝,1,众人:generic_speaker,suspicious_character_names
03042005,明末孤忠,03000000,12,18,263,22,0.045455,0.045455,80,0.34632,55,郑成功,1,众人:generic_speaker,suspicious_character_names
04003003,定军山,04000000,12,23,263,17,0.411765,0.411765,47,0.345588,58,黄忠,1,众人:generic_speaker,suspicious_character_names
02004047,撤兵增灶,02000000,14,21,264,27,0.111111,0.111111,104,0.296296,47,司马懿,1,众人:generic_speaker,suspicious_character_names
03051004,马陵道,03000000,12,14,266,24,0.083333,0.083333,70,0.253623,82,孙膑,1,众人:generic_speaker,suspicious_character_names
03054002,襄阳宴,03000000,15,15,268,23,0.130435,0.130435,124,0.490119,209,刘表,1,众人:generic_speaker,suspicious_character_names
03098005,战太平,03000000,13,17,269,19,0.315789,0.315789,64,0.374269,67,花云,1,众人:generic_speaker,suspicious_character_names
03031001,扫地挂画,03000000,8,1,273,3,1.0,1.0,3,1.0,315,马忠,0,,single_scene
03055005,永平安,03000000,10,11,273,19,0.105263,0.105263,73,0.426901,128,潘洪,1,众人:generic_speaker,suspicious_character_names
70004101,驱车战将,70004000,12,1,274,14,0.071429,0.071429,91,1.0,111,南宫长万,0,,single_scene
01001020,宋江闹院,01000000,8,2,275,4,0.75,0.75,6,1.0,401,阎惜姣,1,众人:generic_speaker,suspicious_character_names
01011001,渑池会,01000000,15,10,275,31,0.16129,0.16129,168,0.36129,108,蔺相如,1,众人:generic_speaker,suspicious_character_names
01003016,打花鼓,01000000,9,1,276,3,1.0,1.0,3,1.0,277,鼓郎,0,,single_scene
70401107,打龙棚,70401000,10,1,277,5,0.8,0.8,10,1.0,191,郑恩,0,,single_scene
02012039,弓砚缘,02000000,11,11,278,9,0.444444,0.444444,29,0.805556,140,安骥,1,众人:generic_speaker,suspicious_character_names
01012001,泥马渡康王,01000000,11,8,279,21,0.428571,0.285714,99,0.471429,71,崔孝,1,众人:generic_speaker,suspicious_character_names
03031002,凤阳花鼓,03000000,10,1,284,3,1.0,1.0,3,1.0,327,卖艺人,0,,single_scene
70201106,霸王别姬,70201000,11,9,289,28,0.142857,0.142857,137,0.362434,156,项羽,1,众人:generic_speaker,suspicious_character_names
70202110,春闺梦,70202000,13,12,290,22,0.318182,0.318182,111,0.480519,106,张氏,1,众人:generic_speaker,suspicious_character_names
04022001,霸王别姬,04000000,12,9,291,28,0.142857,0.142857,145,0.383598,160,项羽,1,众人:generic_speaker,suspicious_character_names
07004002,霸王遇虞姬,07000000,14,22,297,35,0.085714,0.085714,119,0.2,64,项籍,1,众人:generic_speaker,suspicious_character_names
01005010,御碑亭,01000000,16,13,300,21,0.47619,0.380952,66,0.314286,79,孟月华,1,众人:generic_speaker,suspicious_character_names
03008004,通海沟,03000000,12,10,303,19,0.105263,0.105263,58,0.339181,159,刘庆,1,众人:generic_speaker,suspicious_character_names
01004001,逍遥津,01000000,14,10,304,25,0.64,0.44,128,0.426667,137,曹操,1,众人:generic_speaker,suspicious_character_names
70601102,赤壁鏖兵,70601000,13,6,304,14,0.428571,0.428571,60,0.659341,98,周瑜,1,众人:generic_speaker,suspicious_character_names
01007002,八大锤,01000000,13,15,305,21,0.190476,0.190476,62,0.295238,203,陆文龙,1,众人:generic_speaker,suspicious_character_names
05002005,金镛关,05000000,16,18,306,24,0.041667,0.041667,89,0.322464,47,邱瑞,1,众人:generic_speaker,suspicious_character_names
01004009,忠孝全,01000000,10,5,307,10,0.3,0.2,25,0.555556,107,王振,1,众人:generic_speaker,suspicious_character_names
80000022,辕门斩子,80000000,11,1,311,9,0.888889,0.888889,36,1.0,189,焦赞,0,,single_scene
03053005,闹东京,03000000,12,14,312,35,0.114286,0.114286,112,0.188235,61,何氏,1,众人:generic_speaker,suspicious_character_names
02008043,瓦桥关,02000000,19,1,314,22,0.272727,0.272727,231,1.0,45,孟良,0,,single_scene
03109001,河伯娶妇,03000000,11,5,314,25,0.04,0.04,238,0.793333,50,西门豹,1,众人:generic_speaker,suspicious_character_names
04034003,牛皋招亲,04000000,11,9,319,17,0.529412,0.294118,84,0.617647,128,牛皋,2,众人:generic_speaker;众:generic_speaker,suspicious_character_names
03053002,铡包勉,03000000,10,1,322,10,0.4,0.4,45,1.0,227,赵秉,0,,single_scene
70402101,铡判官,70402000,14,1,322,25,0.52,0.52,276,0.92,61,包拯,0,,single_scene
03018001,登台笑客,03000000,16,19,343,21,0.142857,0.142857,79,0.37619,86,郤克,1,众人:generic_speaker,suspicious_character_names
01039003,取南郡,01000000,17,17,345,31,0.419355,0.322581,150,0.322581,102,周瑜,1,众人:generic_speaker,suspicious_character_names
03068001,新莽闱,03000000,14,14,347,24,0.166667,0.166667,93,0.336957,67,王莽,1,众人:generic_speaker,suspicious_character_names
70401106,瓦口关,70401000,13,12,348,20,0.35,0.25,96,0.505263,79,张飞,1,众人:generic_speaker,suspicious_character_names
80000001,四郎探母,80000000,17,1,353,11,0.909091,0.909091,45,0.818182,235,杨延辉,0,,single_scene
03051008,马陵道,03000000,16,21,359,36,0.083333,0.083333,188,0.298413,55,孙膑,1,众人:generic_speaker,suspicious_character_names
01009018,失印救火,01000000,11,5,361,9,0.444444,0.444444,23,0.638889,317,白槐,1,众人:generic_speaker,suspicious_character_names
01003011,斩黄袍,01000000,16,14,363,21,0.333333,0.285714,89,0.42381,127,赵匡胤,1,众人:generic_speaker,suspicious_character_names
90000008,双阳公主,90000000,15,1,372,25,0.24,0.24,300,1.0,117,双阳公主,0,,single_scene
03059002,请关胜,03000000,16,26,376,33,0.060606,0.060606,110,0.208333,82,关胜,1,众人:generic_speaker,suspicious_character_names
70202107,梅妃,70202000,18,16,377,32,0.125,0.125,106,0.21371,90,唐明皇,1,众人:generic_speaker,suspicious_character_names
04025001,抗金兵,04000000,17,19,378,33,0.090909,0.090909,136,0.257576,64,梁红玉,1,众人:generic_speaker,suspicious_character_names
03053007,神虎报,03000000,16,13,381,21,0.095238,0.095238,84,0.4,143,包拯,1,众人:generic_speaker,suspicious_character_names
03051002,马陵道,03000000,17,20,383,20,0.1,0.1,61,0.321053,108,庞涓,1,众人:generic_speaker,suspicious_character_names
04012003,杨排风,04000000,14,12,405,18,0.277778,0.277778,62,0.405229,143,孟良,1,众人:generic_speaker,suspicious_character_names
01012004,莲花湖,01000000,16,15,411,36,0.138889,0.055556,226,0.35873,62,胜英,1,众人:generic_speaker,suspicious_character_names
03008003,反延安,03000000,16,12,416,31,0.096774,0.096774,146,0.313978,177,双阳公主,1,众人:generic_speaker,suspicious_character_names
01003002,群英会,01000000,15,8,422,18,0.722222,0.722222,77,0.503268,194,周瑜,1,众人:generic_speaker,suspicious_character_names
11001003,殷家堡,11000000,17,16,433,30,0.5,0.5,159,0.365517,71,李堃,1,众人:generic_speaker,suspicious_character_names
70001202,审头刺汤,70001000,15,1,448,10,0.4,0.4,45,1.0,415,陆炳,0,,single_scene
01015006,英杰烈,01000000,18,36,449,26,0.307692,0.269231,94,0.289231,181,陈母,1,众人:generic_speaker,suspicious_character_names
03047003,哭秦庭,03000000,23,33,464,39,0.128205,0.128205,174,0.234818,75,申包胥,1,众人:generic_speaker,suspicious_character_names
80000028,四郎探母,80000000,20,1,464,13,0.846154,0.846154,66,0.846154,281,杨延辉,0,,single_scene
70203102,辛安驿,70203000,16,1,481,7,1.0,1.0,21,1.0,157,李氏,0,,single_scene
03059004,风流双枪将,03000000,24,17,487,48,0.125,0.125,583,0.516844,54,白胜,1,众人:generic_speaker,suspicious_character_names
01038002,取南郡,01000000,22,30,494,31,0.483871,0.354839,148,0.31828,151,周瑜,1,众人:generic_speaker,suspicious_character_names
05016003,康郎山,05000000,19,16,504,29,0.068966,0.068966,127,0.312808,104,岳飞,1,众人:generic_speaker,suspicious_character_names
01040007,郑恩做亲,01000000,19,15,511,34,0.382353,0.235294,216,0.385027,134,郑恩,1,众人:generic_speaker,suspicious_character_names
01018001,朝歌恨,01000000,23,39,517,39,0.230769,0.179487,149,0.20108,67,姬昌,1,众人:generic_speaker,suspicious_character_names
01012002,闹江州,01000000,24,17,524,33,0.181818,0.151515,145,0.274621,150,戴宗,1,众人:generic_speaker,suspicious_character_names
70802107,王宝钏,70802000,20,1,528,20,0.2,0.2,190,1.0,297,王宝钏,0,,single_scene
04037001,玉簪记,04000000,19,1,534,11,1.0,1.0,28,0.509091,251,潘必正,0,,single_scene
70402102,铡美案,70402000,20,1,534,24,0.333333,0.333333,276,1.0,213,陈世美,0,,single_scene
70805104,大闹天宫,70805000,24,11,538,45,0.088889,0.088889,213,0.215152,93,孙悟空,1,众人:generic_speaker,suspicious_character_names
80000019,打严嵩,80000000,15,4,562,8,0.5,0.5,18,0.642857,493,邹应龙,1,众人:generic_speaker,suspicious_character_names
94000004,柳荫记,94000000,23,1,580,12,0.833333,0.833333,66,1.0,369,祝英台,0,,single_scene
70001102,打严嵩,70001000,17,4,582,10,0.4,0.4,29,0.644444,497,邹应龙,1,众人:generic_speaker,suspicious_character_names
05025001,大闹御马监,05000000,20,6,587,19,0.105263,0.052632,67,0.391813,407,孙悟空,1,众人:generic_speaker,suspicious_character_names
03016005,赛太岁,03000000,21,8,589,17,0.294118,0.294118,79,0.580882,296,李七,1,众人:generic_speaker,suspicious_character_names
70004106,二子乘舟,70004000,25,1,597,25,0.04,0.04,300,1.0,97,急子,0,,single_scene
70203109,红娘,70203000,21,1,600,12,0.916667,0.75,66,1.0,271,红娘,0,,single_scene
02012036,东昌府,02000000,25,28,615,36,0.138889,0.138889,183,0.290476,85,施世纶,1,众人:generic_speaker,suspicious_character_names
04016001,甘露寺,04000000,24,23,622,20,0.6,0.6,68,0.357895,133,刘备,1,众人:generic_speaker,suspicious_character_names
70203104,香罗带,70203000,23,1,625,15,0.666667,0.666667,105,1.0,259,林慧娘,0,,single_scene
03079002,苏武牧羊,03000000,27,24,646,39,0.307692,0.307692,132,0.178138,138,苏武,1,众人:generic_speaker,suspicious_character_names
70203106,杜十娘,70203000,22,1,648,16,0.4375,0.4375,120,1.0,223,李干先,0,,single_scene
09002002,奇双会,09000000,22,1,653,15,0.466667,0.466667,91,0.866667,443,赵宠,0,,single_scene
70801119,西厢记,70801000,28,1,668,14,0.357143,0.357143,91,1.0,269,红娘,0,,single_scene
02010032,狮吼记,02000000,22,1,672,14,0.571429,0.428571,91,1.0,391,陈慥,0,,single_scene
09006001,打严嵩,09000000,19,4,677,14,0.642857,0.642857,28,0.307692,505,邹应龙,1,众人:generic_speaker,suspicious_character_names
03002004,打刀,03000000,15,1,679,3,1.0,1.0,3,1.0,1155,吴衍能,0,,single_scene
03034005,钓金龟,03000000,26,26,693,42,0.119048,0.119048,134,0.155633,347,张义,1,众人:generic_speaker,suspicious_character_names
70204106,渔夫恨,70204000,24,7,693,42,0.142857,0.142857,272,0.315912,240,萧恩,1,众人:generic_speaker,suspicious_character_names
03074001,介子推,03000000,31,35,707,52,0.019231,0.019231,214,0.161388,115,介子推,1,众人:generic_speaker,suspicious_character_names
05012001,吴越春秋,05000000,33,1,711,38,0.157895,0.157895,703,1.0,141,夫差,0,,single_scene
70804101,满江红,70804000,34,10,726,46,0.173913,0.173913,299,0.288889,89,岳飞,1,众人:generic_speaker,suspicious_character_names
70203103,元宵谜,70203000,24,1,727,19,0.684211,0.684211,171,1.0,289,吕昭华,0,,single_scene
70801120,谢瑶环,70801000,28,13,734,31,0.548387,0.451613,194,0.417204,176,谢瑶环,1,众人:generic_speaker,suspicious_character_names
70203111,金玉奴,70203000,25,1,737,21,0.47619,0.428571,210,1.0,387,金松,0,,single_scene
70203105,钗头凤,70203000,25,1,744,17,0.705882,0.705882,136,1.0,221,不空,0,,single_scene
01021001,许田射鹿,01000000,29,43,754,48,0.229167,0.1875,286,0.253546,79,曹操,1,众人:generic_speaker,suspicious_character_names
03066002,庚娘,03000000,29,21,762,32,0.03125,0.03125,116,0.233871,121,王十八,1,众人:generic_speaker,suspicious_character_names
02002007,韩信,02000000,34,29,802,41,0.121951,0.121951,187,0.228049,119,韩信,1,众人:generic_speaker,suspicious_character_names
03002001,一匹布,03000000,21,4,805,18,0.277778,0.277778,72,0.470588,505,张古董,1,众人:generic_speaker,suspicious_character_names
05022001,龙凤帕,05000000,35,34,820,48,0.0625,0.0625,189,0.167553,139,包贵,1,众人:generic_speaker,suspicious_character_names
70203108,勘玉钏,70203000,27,1,864,25,0.6,0.52,300,1.0,169,韩臣,0,,single_scene
70203107,红楼二尤,70203000,27,1,869,22,0.818182,0.772727,190,0.822511,139,王熙凤,0,,single_scene
03040001,双玉镯,03000000,33,1,872,35,0.257143,0.257143,595,1.0,163,孙玉姣,0,,single_scene
80000026,桃花扇,80000000,29,10,927,26,0.5,0.5,161,0.495385,129,杨文骢,1,众人:generic_speaker,suspicious_character_names
70203202,玉堂春,70203000,33,1,964,29,0.655172,0.655172,406,1.0,227,苏三,0,,single_scene
70002202,胭脂宝褶,70002000,33,24,980,47,0.659574,0.574468,112,0.103608,429,白怀,1,众人:generic_speaker,suspicious_character_names
70203201,大英杰烈,70203000,29,14,1011,20,0.6,0.5,94,0.494737,657,陈母,1,众人:generic_speaker,suspicious_character_names
05012002,吴越春秋,05000000,46,1,1057,45,0.155556,0.155556,990,1.0,127,西施,0,,single_scene
70002103,十老安刘,70002000,41,12,1082,45,0.822222,0.733333,162,0.163636,288,张苍,1,众人:generic_speaker,suspicious_character_names
01033001,狸猫换太子,01000000,45,35,1137,58,0.396552,0.275862,262,0.1585,177,陈琳,1,众人:generic_speaker,suspicious_character_names
70801109,江汉渔歌,70801000,43,44,1141,80,0.025,0.025,433,0.137025,251,阮复成,1,众人:generic_speaker,suspicious_character_names
70001111,文天祥,70001000,55,31,1451,77,0.142857,0.142857,375,0.128161,238,文天祥,1,众人:generic_speaker,suspicious_character_names
70801115,琵琶行,70801000,84,68,2344,102,0.029412,0.029412,456,0.088526,333,郭霁青,1,众人:generic_speaker,suspicious_character_names
